sequence_attention,object_expect,percent_expected,comments,p_exp,subject,date,time
2.0,3.0,50,"no strategy was used, just relied on visual interpretation which was difficult to judge.",0.75,912,20220511,1652269698441
6.0,4.0,75,There was a plant in one of the images that you could tell if the object moved backwards whilst also focusing on the center dot.,0.75,913,20220511,1652269609387
6.0,2.0,50,i focused on the edges of the furniture ,0.75,914,20220511,1652269532447
6.0,4.0,15,"I tried different strategies but none worked, first I was trying to imagine the object in my mind, then I tried mentally measuing the distance between objects but that  failed too",0.75,915,20220511,1652269589044
3.0,4.0,60,"I tried to line up where the objects were against the background (e.g. in line with a window payne, or a stripe in the wallpaper).",0.75,916,20220511,1652269541635
5.0,4.0,65,It was quite  hard.At some times i was sure that the object did not change but in fact it did. Anyway it was fun as well,0.75,917,20220511,1652272664335
6.0,5.0,60,"I tried to notice the angle and the colours to see if there was any shift, but couldn't work out if it was helping or not",0.75,918,20220511,1652272131884
4.0,5.0,49,i'd focus on the white dot and try to keep in mind the first image until the end of each sequence,0.75,919,20220511,1652269547357
6.0,3.0,50,i tried to line up the objects with the backgronds as a reference point,0.75,920,20220511,1652270610763
3.0,2.0,50,,0.75,921,20220511,1652269573504
4.0,4.0,40,I have nothing to add.,0.75,922,20220511,1652269684936
6.0,2.0,0,Sometimes I was pretty sure about my answers but they were incorrect,0.75,925,20220511,1652279400493
2.0,1.0,45,,0.75,926,20220511,1652279389985
4.0,3.0,50,,0.75,927,20220511,1652279327480
5.0,3.0,40,I attempted to use the strategy of paying attention to the background and seeing how the furniture was placed ,0.75,928,20220511,1652279424848
6.0,6.0,35,,0.75,929,20220511,1652279275482
5.0,5.0,30,,0.75,930,20220511,1652279358044
6.0,4.0,60,no,0.75,931,20220511,1652279279353
5.0,3.0,40,,0.75,932,20220511,1652279386731
6.0,5.0,50,,0.75,933,20220511,1652280017489
5.0,4.0,10,,0.75,934,20220511,1652280121344
4.0,5.0,70,,0.75,936,20220513,1652444542825
6.0,4.0,50,,0.75,937,20220513,1652445568140
5.0,2.0,40,,0.75,938,20220513,1652444525115
4.0,4.0,60,,0.75,939,20220513,1652444580227
4.0,4.0,40,Maybe it's the point of the experiment but sometimes i am 100% sure that the couch/bed didn't move but i guess it moved just enough to not notice.,0.75,940,20220513,1652444753088
3.0,4.0,50,,0.75,941,20220513,1652444545217
4.0,4.0,50,I didn't really understand/ found it difficult,0.75,942,20220513,1652444526410
3.0,4.0,40,,0.75,943,20220513,1652444872619
6.0,0.0,20,"In the first run I was not focusing on dot, but I had an higher percentage. Focusing on dot was not easy for me and I missed several answers",0.75,947,20220516,1652684460419
5.0,4.0,60,,0.75,948,20220516,1652684610083
5.0,5.0,66,"I tried to visualize everything in my head quickly  to see if it had changed, if that makes sense.",0.75,949,20220516,1652684374621
1.0,1.0,70,,0.75,950,20220516,1652685518840
2.0,5.0,50,I tried to use my peripheral vision to put the object in comparison with its surroundings before and after the potential changes.,0.75,951,20220516,1652684461805
4.0,3.0,48,,0.75,952,20220516,1652684365159
5.0,3.0,60,no,0.75,953,20220516,1652684531191
5.0,5.0,70,It took me a while to get the knack of it.,0.75,954,20220516,1652684358259
5.0,4.0,60,,0.75,955,20220516,1652684521277
5.0,6.0,40,,0.75,956,20220516,1652684574464
5.0,4.0,65,I just paid attention,0.75,957,20220516,1652684391390
4.0,5.0,25,"I kept focus on the dot in the middle, hoping this would try and help me to stay focused on the item only and not the surroundings, but I still found the task a bit difficult to focus solely on the furniture item as there was a lot going on in the frame at one time.",0.75,958,20220516,1652684447066
6.0,5.0,50,I was trying to redirect the position of the object to decide it changed or not,0.75,959,20220516,1652684470501
6.0,4.0,80,,0.75,960,20220516,1652684434309
5.0,0.0,60,i was looking for the corners of the couch or the bed for changes,0.75,961,20220516,1652685362634
5.0,3.0,50,,0.75,962,20220516,1652684353769
3.0,4.0,46,,0.75,963,20220516,1652684608658
4.0,4.0,25,"For the first 2/3 sets I didn't comprehend completely the task, I was looking if the furniture moved before/after the disappearing instead of directly after. So those sets are probably not very useful to analyze, sorry for the mistake",0.75,964,20220516,1652684358247
4.0,3.0,65,"I found it hard to concentrate as the whole picture kept re-focussing constantly.  I was trying hard to focus and then when the colours changed, it was even more difficult to concentrate on the images.  Very enjoyable though.",0.75,965,20220516,1652685568572
6.0,6.0,100,,0.75,972,20220516,1652690421705
5.0,4.0,50,no,0.75,973,20220516,1652690119992
5.0,1.0,50,,0.75,974,20220516,1652690399503
5.0,5.0,40,I swear sometimes it moved but marked me as wrong anyway.,0.75,975,20220516,1652690147425
6.0,5.0,40,none,0.75,976,20220516,1652690125829
4.0,1.0,65,,0.75,977,20220516,1652691657069
6.0,5.0,50,I tried to anticipate where the object would be and used surrounding objects to help guide me.,0.75,978,20220516,1652690173482
5.0,5.0,75,as the experiment went on i realised i needed to pay attention to the final two images and really concentrate on the quick change (or no change) between them,0.75,979,20220516,1652690160310
4.0,3.0,60,No. I tried to focus on the middle dot only.,0.75,980,20220516,1652690133524
3.0,2.0,15,,0.75,981,20220516,1652690099328
5.0,5.0,60,,0.75,982,20220516,1652690221447
5.0,4.0,68,,0.75,983,20220516,1652689826370
4.0,2.0,60,"Sometimes it was very obvious (specifically, when the lamp overlapped with the sofa). Other than that I didn't use any specific strategy: I mainly focused on ""comparing"" the last two frames.",0.75,984,20220516,1652690188927
3.0,2.0,70,I found the bed more difficult to get right ,0.75,985,20220516,1652691459707
6.0,5.0,60,"After a while, I tried to look at the objects on the side of the room to try to see where the object was located in the room. It helped a bit but didn't always work. I find this exercise really difficult.",0.75,986,20220516,1652690123838
3.0,0.0,30,,0.75,987,20220516,1652690121293
6.0,6.0,30,I feel the answers were random because there was some that I was really sure of but turned out to be wrong.,0.75,988,20220516,1652690410585
4.0,2.0,60,,0.75,989,20220516,1652690781654
2.0,1.0,80,"I used two different strategies, sometimes I would focus on the point, sometimes (specially in the room with the vertical lines) I would focus on the edge of the sofa. Specially when I focused on the dot I was crossing my eyes a little to try and focus more on the overall image rather than details.",0.75,993,20220516,1652692098038
5.0,5.0,77,,0.75,994,20220516,1652690144220
3.0,3.0,50,,0.75,995,20220516,1652696909184
5.0,3.0,50,half way through i noticed the images moved either short or long jumps towards the image so i used that to work out how close i would be to the item.,0.75,996,20220516,1652695430077
3.0,5.0,75,At first I tried using strategies but my performance was not good. Then I tried to relax and follow my intuition and my scores rised.,0.75,997,20220517,1652773041908
6.0,4.0,20,"Very difficult experiment, I tried my best but sometimes the image did not appear where I expected and I was wrong to think the size changed ",0.75,998,20220517,1652773000070
4.0,2.0,50,,0.75,999,20220517,1652772994037
2.0,0.0,25,,0.75,1000,20220517,1652772989214
6.0,4.0,85,no comments,0.75,1001,20220517,1652773013997
2.0,4.0,40,,0.75,1002,20220517,1652773011484
5.0,0.0,79,i focused on the grey dot and only remembered the last image i saw before it flashed grey,0.75,1003,20220517,1652773730439
4.0,2.0,50,,0.75,1004,20220517,1652773115239
6.0,3.0,40,It was hard to understand each time.There were many times that i thought that i was right and i was not. I hope i helped you. Thank you!,0.75,1005,20220517,1652774517745
6.0,3.0,60,,0.75,1006,20220517,1652773141729
2.0,4.0,60,,0.75,1010,20220517,1652773365347
6.0,4.0,45,,0.75,1011,20220517,1652779751663
5.0,4.0,62,,0.75,1012,20220517,1652780034011
6.0,4.0,25," I found it hard to remember which way around the keys went and whether i was saying yes to it was being how i thought it was, or yes to change? ",0.75,1013,20220517,1652779749523
4.0,6.0,50,it study was really hard for me,0.75,1014,20220517,1652779691554
5.0,4.0,50,,0.75,1015,20220517,1652779714273
2.0,6.0,45,"I kept my eyes focused to see if the border of the object shrunk (i.e., shifted back) or stayed in place. It was usually easier when the bed or sofa was closer to me/bigger. The shift was very subtle and the moving pictures made it harder to notice the change/shift. My accuracy improved after the trial run, but it was still difficult and required a lot of concentration. ",0.75,1016,20220517,1652790298431
6.0,4.0,20,Tried to focus on the circle in the middle and work out the change in perception the best I could.,0.75,1017,20220517,1652789520802
5.0,4.0,65,,0.75,1018,20220517,1652790811984
6.0,5.0,75,,0.75,1019,20220517,1652789541920
4.0,3.0,40,,0.75,1020,20220517,1652794999796
1.0,3.0,40,It was very hard for me ! I tried different strategy but the result was the same (less than 50% accuracy),0.75,1021,20220518,1652884369741
4.0,1.0,20,"I really didn't understand what I was doing for the first four rounds. I didn't get very high scores during the practise rounds, but there wasn't any way to go back to re-read the instructions to see if I could work out what I was missing/doing wrong. I only managed to work it out near the start of the fifth round that the only image I needed to compare it to was the one flash before the final image. During the first round, I was trying to compare the final image to the first image. During the second round, I was looking for differences in the sofas/bed (i.e. colours, materials, stripes/no stripes) between the first flash and the last. In the third round, I tried to see if the surroundings were different, (i.e. the plant, clock, chest of drawers, etc. between the first and the last image). In the fourth round, I thought that you might have wanted me to see if the sofa/bed was lined up to the same piece of furniture as it was during the first image, e.g. does the sofa still line up with the door in the last image? I finally worked out what was going on in the fifth round (hence the jump in score in that round). I wans't sure whether this was part of the experiment or not, i.e. can the participant work out what it is they're meant to be doing? I also thought about messaging you when I got to the end of the third round for help, but I was worried about leaving fullscreen mode as some tests automatically default you when you do so.",0.75,1022,20220518,1652882216397
6.0,1.0,45,,0.75,1023,20220519,1652941770838
1.0,2.0,40,it was difficult. a reminder for change and no change would also have been helpful during the breaks between blocks.,0.75,1024,20220519,1652941302607
4.0,2.0,80,,0.75,1025,20220519,1652941367534
4.0,,70,,0.75,1029,20220519,1652951478296
6.0,4.0,50,,0.5,1030,20220801,1659345742069
5.0,5.0,65,,0.5,1031,20220801,1659345718681
5.0,5.0,60,"I figured out the task only after a few trials. At the very beginning I thought that the change I had to detect would be in perspective, between the first image and the last one, after the grey mask. When I noticed that there was a little shift in the last image the task became clearer",0.5,1032,20220801,1659345694039
5.0,5.0,75,I struggled at the beginning but got better as it went on. I feel like I was better at noticing changes than when it stayed still.,0.5,1033,20220801,1659345676120
5.0,4.0,70,no other comments,0.5,1034,20220801,1659345666108
5.0,4.0,20,,0.5,1035,20220801,1659345682202
6.0,3.0,60,"looking at the circle did not help me at all, so i tried to look at the bed frames or legs of the sofas to check if they changed the angle of the render",0.5,1036,20220801,1659345649065
4.0,4.0,50,,0.5,1037,20220801,1659346082060
5.0,2.0,60,I tried to look at the objects on the side as well to get a better overview of the bed/sofa ,0.5,1038,20220801,1659345669236
6.0,5.0,50,"It was very difficult to understand the aim at first, I started to get the hang of it around the 3/4th trial but I was getting annoyed for not being able to noticed when the bed/sofa shifted. I tried to always look at the dot but sometimes my eyes would shift and I felt like that way I could perceive the change better. It was extra hard near the end, maybe because I was already tired but the movements seemed smaller and they weren't as easy to detect.",0.5,1039,20220801,1659345672635
5.0,1.0,15,I found it very difficult.,0.5,1041,20220801,1659363682374
5.0,4.0,60,,0.5,1042,20220801,1659363899070
6.0,2.0,63,I used the shadows,0.5,1043,20220801,1659363976571
5.0,4.0,60,,0.5,1044,20220801,1659363000448
6.0,3.0,60,FOUND IT VERY DIFFICULT TO NOTICE MUCH DIFFERENCE,0.5,1045,20220801,1659364627830
4.0,4.0,50,,0.5,1046,20220801,1659363717140
1.0,2.0,50,I did not understand that the 'change' was between the final two images until about halfway through the experiment,0.5,1047,20220801,1659364316341
5.0,4.0,60,,0.5,1048,20220801,1659364231580
4.0,4.0,30,,0.5,1049,20220801,1659364775021
3.0,4.0,50,,0.5,1050,20220801,1659364076457
4.0,3.0,30,"A lot of times I noticed the item had definitely changed, however it said I was wrong when I pressed change. ",0.5,1051,20220801,1659364160805
5.0,3.0,40,,0.5,1052,20220801,1659364124936
5.0,4.0,50,,0.5,1053,20220801,1659364338598
2.0,4.0,47,,0.5,1054,20220801,1659364189253
6.0,4.0,20,,0.5,1055,20220801,1659364559550
2.0,3.0,80,,0.5,1056,20220801,1659365423608
6.0,4.0,50,,0.5,1057,20220801,1659364087154
6.0,2.0,50,,0.5,1058,20220801,1659363862148
6.0,3.0,40,,0.5,1059,20220801,1659366064353
0.0,1.0,40,,0.5,1062,20220802,1659445338333
0.0,4.0,70,I found it very difficult. I tried to compare the location of the object compared to its surroundings.,0.5,1063,20220802,1659445669605
6.0,2.0,60,took a bit to get more used to the task and the changes but I think I did ok,0.5,1064,20220802,1659444134191
2.0,2.0,30,,0.5,1065,20220802,1659446281182
6.0,4.0,40,I didn't notice much difference.,0.5,1066,20220802,1659443674199
4.0,5.0,60,,0.5,1067,20220802,1659443914389
6.0,3.0,25,No strategy. In my head I did tell myself a few times that the images had changed as I pressed F. I was not sure about the percentage on the last question. ,0.5,1068,20220802,1659446062292
1.0,3.0,20,,0.5,1069,20220802,1659446315699
2.0,5.0,33,,0.5,1070,20220802,1659445242180
6.0,3.0,60,,0.5,1071,20220802,1659443970537
6.0,5.0,70,"It was more difficult than I anticipated, sometimes the object would move a tiny bit and I thought it had stayed in place for a few of them. I think I improved throughout the experiment but there were times where I was thrown off track; where I had thought the object had moved but it hadn't (and vice versa). I tried to focus on the whole object whilst looking at the centre point, as this helped my eyes acknowledge whether it had moved or not. I watched the whole sequence carefully to help my judgement.",0.5,1072,20220802,1659446381208
4.0,1.0,30,"I tried to keep a reference with the objects(door, grandfather clock, window) in my peripheral vision, to check any differences in the distance",0.5,1073,20220802,1659445648105
6.0,5.0,40,sometimes I was under the impersion that I was wrong regardless of the actual image like it was a placebo thing to press the keys,0.5,1074,20220802,1659445520583
4.0,3.0,50,,0.5,1075,20220802,1659444245144
5.0,3.0,50,,0.5,1076,20220802,1659443920342
5.0,2.0,15,It was quite difficult to understand as sometimes I would think my perspective was correct but then it would be marked as wrong.,0.5,1077,20220802,1659445655398
1.0,0.0,0,"

I didn't understand what is meant by the ""correct viewpoint"" in the final question. 
All I paid attention to once I got the hang of it (after block 2 or 3 maybe) were the final two images, and used my intuition. From blocks 1-3 my strategy was scattered and confused as I was still learning how to play.",0.5,1078,20220802,1659444711005
5.0,4.0,50,"Initially I was trying to anticipate based on the initial movement, then I realised it was easier to just compare the final two images",0.5,1079,20220802,1659443632939
1.0,4.0,70,,0.5,1081,20220802,1659450977208
5.0,5.0,50,i found it frustratingly difficult,0.5,1082,20220802,1659451025602
2.0,2.0,50,,0.5,1083,20220802,1659450720724
4.0,4.0,40,,0.5,1084,20220802,1659450931195
5.0,5.0,30,,0.5,1085,20220802,1659451955703
3.0,4.0,60,No fixed strategy but payed a lot of attention on the flash before the image reappeared ,0.5,1086,20220802,1659451988660
5.0,5.0,54,,0.5,1087,20220802,1659451154361
4.0,1.0,20,,0.5,1088,20220802,1659450978479
4.0,5.0,40,"challenging but fun, thank you :).",0.5,1089,20220802,1659450806419
4.0,4.0,60,I just focussed on the last two images predominantly,0.5,1090,20220802,1659450980237
6.0,5.0,40,,0.5,1091,20220802,1659451091770
6.0,5.0,60,,0.5,1092,20220802,1659450817644
5.0,4.0,60,No other comments,0.5,1093,20220802,1659451160290
2.0,4.0,50,,0.5,1094,20220802,1659450944112
5.0,4.0,50,I tried to match the size of the object under the grey to the before picture and change it in my mind as the room changed,0.5,1095,20220802,1659451119205
6.0,5.0,55,it was quite difficult,0.5,1096,20220802,1659451372897
2.0,3.0,70,,0.5,1097,20220802,1659452084889
5.0,2.0,70,,0.5,1098,20220802,1659450903758
5.0,6.0,70,,0.5,1099,20220802,1659451473909
4.0,6.0,60,,0.5,1100,20220802,1659451005398
4.0,5.0,75,,0.5,1101,20220802,1659451577918
4.0,4.0,60,"No, thanks.",0.5,1206,20220818,1660827216623
5.0,4.0,70,,0.5,1207,20220818,1660829802563
3.0,4.0,60,,0.5,1208,20220818,1660827689101
6.0,6.0,75,,0.5,1209,20220818,1660829762476
4.0,1.0,45,some images moved so slightly it didnt look like the object has moved at all; my browser took off the fullscreen mode (probably a bug),0.5,1210,20220818,1660827154868
2.0,4.0,60,,0.5,1211,20220818,1660829161949
5.0,6.0,40,"most of the time, looked at the dot in middle. a few times tried looking at the feet of the sofa",0.5,1212,20220818,1660828762309
4.0,3.0,65,I noticed that the background wall colour and floor colour and texture changed. Where the floor was grey and speckled I tried to ignore the preceding images as my depth perception was affected.,0.5,1213,20220818,1660827124850
6.0,4.0,50,"I noticed that when the image moved forward it was harder to detect the change, especially if it was a minor one ",0.5,1223,20220818,1660827309296
6.0,6.0,40,"I tried moving different distances from the screen to see if it was easier or harder, I noticed that my accuracy when closer was better but I couldn't stay too close for long periods as it started to strain my eyes, upon moving further away again my accuracy sloped off.",0.5,1331,20220907,1662531828125
6.0,6.0,50,no comment,0.5,1332,20220907,1662532013985
,4.0,55,,0.5,1333,20220907,1662532623802
3.0,5.0,90,I just tried to give all my focus after the image reappeared to my screen and not waste energy on the starting images,0.5,1334,20220907,1662532677840
4.0,5.0,70,"I found a strategy in the end. The trick was not to look at the white dot, but on the edge of the furniture.That way it was much easier to know if the furniture changed size or not.",0.5,1335,20220907,1662531800260
6.0,6.0,70,I really had to fight the urge to look at the edge of the objects silhouette instead of the watching the dot.,0.5,1336,20220907,1662532746049
5.0,5.0,50,,0.5,1337,20220907,1662532674306
5.0,0.0,60,,0.5,1338,20220907,1662531947359
2.0,1.0,40,"Sometimes I wanted to look away from the attention point. It was easier when I searched for the edge of the couch, and checked whether the 'new' edge lined up.",0.5,1339,20220907,1662531844785
6.0,4.0,65,,0.5,1346,20220908,1662621017108
0.0,1.0,40,I only really focused when the grey rectangle appeared.,0.25,1349,20220908,1662626071316
6.0,5.0,40,no,0.25,1350,20220908,1662626212630
4.0,5.0,95,"I sometimes tried to line the images up with the backgrounds to anticipate a change, but this did not seem to work.",0.25,1351,20220908,1662626038772
6.0,2.0,40,,0.25,1352,20220908,1662626082608
4.0,3.0,50,I did my best but I felt confused a lot!,0.25,1353,20220908,1662626093046
6.0,3.0,50,it was a difficult task. i am not sure if i understood what image change meant whether it was the actual overall appearance or the size of image,0.25,1354,20220908,1662626771983
4.0,1.0,85,I just concentrated on the dot in the middle as instructed.,0.25,1355,20220908,1662626103494
3.0,5.0,70,,0.25,1356,20220908,1662625992717
3.0,4.0,40,"when the grey cover disappeared, you could catch a glimpse of the final image before the shift",0.25,1357,20220908,1662626159123
4.0,0.0,60,,0.25,1358,20220908,1662626193067
4.0,2.0,70,,0.25,1359,20220908,1662626732584
4.0,3.0,65,,0.25,1360,20220908,1662626005716
2.0,2.0,50,i started looking at the feet of the sofas/beds to see the changing position,0.25,1362,20220908,1662626100638
2.0,5.0,36,,0.25,1363,20220908,1662626083567
1.0,3.0,30,tried to use different strategies but was not always successful.,0.25,1364,20220908,1662626108670
5.0,5.0,50,,0.25,1365,20220908,1662626042885
5.0,3.0,50,,0.25,1366,20220908,1662626556472
2.0,4.0,50,Sometimes I tried to focus on the objects on the edge of the room as a reference point but this didnt seem to help me very much ... ,0.25,1367,20220908,1662631430931
4.0,3.0,33,i think some of the images where miss labeld,0.25,1375,20220908,1662626908280
5.0,4.0,50,"I don't understand why I kept getting it so wrong! Even when I was sure sometimes, I'd get it wrong!",0.25,1376,20220908,1662646823187
5.0,4.0,80,I just stared at the dot and looked for a change in size.,0.25,1377,20220908,1662646522528
6.0,5.0,80,,0.25,1378,20220908,1662646577893
6.0,0.0,40,,0.25,1379,20220908,1662647558138
3.0,1.0,10,Didn't use any strategy. Treated each one as a new one,0.25,1380,20220908,1662646668388
5.0,3.0,75,,0.25,1381,20220908,1662646750996
3.0,4.0,30,no,0.25,1382,20220908,1662646548880
4.0,3.0,67,,0.25,1383,20220908,1662646559333
3.0,4.0,40,,0.25,1384,20220908,1662646852084
6.0,5.0,65,,0.25,1385,20220908,1662646500057
4.0,0.0,50,"i try to use the surroundings to understand the perspective of the subject, but it didtn help, not for me at least",0.25,1386,20220908,1662646601172
4.0,3.0,60,,0.25,1387,20220908,1662646493873
4.0,4.0,60,,0.25,1388,20220908,1662646340748
5.0,4.0,50,,0.25,1389,20220908,1662646510515
6.0,0.0,100,Sorry the last scale question I answered moved to 1 when I clicked submit - it should have been 6 and there was no way to go back,0.25,1390,20220908,1662646672310
5.0,5.0,55,"This was a weird study, and a pretty hard one too",0.25,1391,20220908,1662646492097
1.0,2.0,50,i tired to fix the little circle in the middle ,0.25,1392,20220908,1662646506962
6.0,4.0,65,It was harder than I expected! Thank you for letting me participate :),0.25,1393,20220908,1662646707443
2.0,3.0,40,Some images seemed harder to judge than others,0.25,1394,20220908,1662646506349
6.0,6.0,80,nothing,0.25,1395,20220908,1662651978739
5.0,4.0,50,"It was realy hard, I tried to look at where things lined up etc.",0.25,1396,20220909,1662708210175
4.0,4.0,50,I noticed that after the grey box disappeared the imagine flickered showing the before and after positions of the item. I was mainly using that to guide my guesses. ,0.25,1397,20220909,1662708298858
5.0,1.0,15,,0.25,1399,20220909,1662725728514
4.0,4.0,40,No,0.25,1400,20220909,1662725749086
3.0,5.0,33,,0.25,1401,20220909,1662709310678
6.0,5.0,40,,0.25,1402,20220909,1662727480891
5.0,1.0,40,I found it really hard to follow the instructions on this,0.25,1403,20220909,1662725699967
6.0,6.0,50,no comment,0.25,1404,20220909,1662725735826
6.0,5.0,76,,0.25,1405,20220909,1662726036103
6.0,3.0,50,,0.25,1406,20220909,1662711922839
5.0,5.0,60,,0.25,1407,20220909,1662725622586
4.0,5.0,50,"This task took a while to learn, however I noticed sometimes I would believe the object had shifted and I was wrong. I then began to think that the whole image shifted, but not the object. ",0.25,1408,20220909,1662725637023
6.0,2.0,40,I tried my best to find a strategy but I must admit that was as hard as the task. I had a hard time figuring out the correct answers.,0.25,1409,20220909,1662726395196
4.0,2.0,50,I noticed a plant in the background moving ,0.25,1410,20220909,1662710286273
6.0,5.0,50,"Instructions could have been clearer, regarding the perspective and relative location to objects in the room unimportant compared to the final image",0.25,1411,20220909,1662715226272
1.0,4.0,60,,0.25,1412,20220909,1662725622912
5.0,3.0,50,,0.25,1413,20220909,1662725650449
4.0,5.0,100,,0.25,1414,20220909,1662726036360
5.0,5.0,65,,0.25,1415,20220909,1662725618928
6.0,4.0,50,"it took me a while to get the hang of it and even then it was difficult to see if some had changed, some were more obvious than others",0.25,1416,20220909,1662726361275
0.0,2.0,20,I found it really tricky to find the changes. I thought I found a pattern but then it didn't seem to work for the following trials,0.25,1417,20220909,1662725560785
5.0,3.0,48,,0.25,1418,20220909,1662728531964
2.0,0.0,10,"At some point, i relised that, the first image doesnt matter at all. Becouse most of the time, the sofa/bed will just appear in a new spot. So just focus on the last 2 images. ",0.25,1419,20220909,1662725687967
6.0,4.0,50,,0.25,1420,20220909,1662726309951
5.0,4.0,70,,0.25,1421,20220909,1662725618435
5.0,6.0,50,"Really difficult, some changes were quite small!",0.25,1422,20220909,1662725757891
6.0,4.0,60,"I focused on the scene but only realized about 3 blocks in that the comparison was between the last 2 frames. I started focusing mostly on those 2 to see if there was a change or not, which increased my accuracy",0.25,1423,20220909,1662725640152
1.0,0.0,30,,0.25,1424,20220909,1662710072087
1.0,4.0,66,,0.25,1425,20220909,1662710056810
5.0,3.0,25,,0.25,1426,20220909,1662727175963
4.0,4.0,65,At the end I was also looking to the left end of the couches. Else I couldn't concentrate on such a boring and repetitive task,0.25,1427,20220909,1662725683216
1.0,0.0,50,Instructions at the beginning were not very clear. The first few rounds was mainly trial and error to work out for myself when to press the change or not.,0.25,1428,20220909,1662709464688
1.0,4.0,40,"just looking for that final sequence, sometimes i tried with the dot, but not very effective ",0.25,1429,20220909,1662710249109
3.0,0.0,67,No.,0.25,1430,20220909,1662725721683
5.0,5.0,68,It was more difficult the more I focused on the white circle,0.25,1431,20220909,1662709987476
4.0,1.0,20,"It took a while to realise what to actually do, what changes I have to look at.",0.25,1432,20220909,1662710218693
4.0,3.0,50,It was very difficult to perceive any changes,0.25,1433,20220909,1662725609403
6.0,2.0,50,The experiment was very difficult on the eyes,0.25,1434,20220909,1662731165523
4.0,6.0,80,none,0.25,1435,20220909,1662728898761
6.0,6.0,50,,0.25,1436,20220909,1662710088282
5.0,4.0,25,,0.25,1437,20220909,1662709994163
6.0,1.0,10,"At first I was focusing more on the shadows and getting confused because when the shadows changed I got it incorrect when I said the object moved. I understand you wanted me to focus on the dot in the middle but you also said to focus on the whole picture. Anyway, after shifting my focus to mostly the dot I noticed my % went up but at times it seemed I got it right when I didn't so I found this kind of finicky.",0.25,1438,20220909,1662726357395
4.0,5.0,60,nothing,0.25,1439,20220909,1662709382385
6.0,4.0,50,tried to ignore the anticipated target position ,0.25,1440,20220909,1662710394006
5.0,4.0,50,,0.25,1441,20220909,1662709960960
5.0,5.0,45,,0.25,1442,20220909,1662725626845
6.0,6.0,75,,0.25,1443,20220909,1662725574082
5.0,0.0,60,I think some where obvious but others not so much.,0.25,1453,20220909,1662710444943
5.0,3.0,30,,0.25,1454,20220909,1662735134669
4.0,5.0,35,"I was always looking for the left obejct to compare, like the door, the lamp",0.25,1455,20220909,1662735162502
2.0,3.0,60,focused on a slight movement in the final image,0.25,1456,20220909,1662735173348
2.0,5.0,90,,0.25,1457,20220909,1662735197563
3.0,2.0,40,"I tried my best, but I found the task quite confusing. In the first two rounds, I could only seem to get half right. In the other rounds, I had to base my decisions on how previous images had worked out, as I never felt confident with any of the choices. It seemed that some images did change but I was wrong when I pressed J, so I had to change my strategy and try to feel it out as best I could to get a higher accuracy in later rounds. ",0.25,1458,20220910,1662802413631
5.0,4.0,65,,0.25,1459,20220910,1662807993840
